Entity,Code,Year,ppp_dollars_per_capita__financing_scheme_total
Argentina,ARG,2004,1487.531
Argentina,ARG,2005,1676.481
Argentina,ARG,2006,1817.406
Argentina,ARG,2007,2018.376
Argentina,ARG,2008,2196.941
Argentina,ARG,2009,2348.035
Argentina,ARG,2010,2543.665
Argentina,ARG,2011,2709.686
Argentina,ARG,2012,2779.896
Argentina,ARG,2013,2802.881
Argentina,ARG,2014,2667.006
Argentina,ARG,2015,2849.732
Argentina,ARG,2016,2719.332
Argentina,ARG,2017,2882.928
Argentina,ARG,2018,2780.539
Argentina,ARG,2019,2625.546
Argentina,ARG,2020,2478.095
Argentina,ARG,2021,2907.012
Argentina,ARG,2022,2893.392
Argentina,ARG,2023,2850.186
Australia,AUS,1971,1067.417
Australia,AUS,1972,1097.049
Australia,AUS,1973,1152.993
Australia,AUS,1974,1280.352
Australia,AUS,1975,1441.838
Australia,AUS,1976,1481.367
Australia,AUS,1977,1541.802
Australia,AUS,1978,1548.873
Australia,AUS,1979,1550.157
Australia,AUS,1980,1575.14
Australia,AUS,1981,1629.963
Australia,AUS,1982,1628.903
Australia,AUS,1983,1677.804
Australia,AUS,1984,1713.645
Australia,AUS,1985,1760.056
Australia,AUS,1986,1820.644
Australia,AUS,1987,1857.86
Australia,AUS,1988,1931.024
Australia,AUS,1989,1974.337
Australia,AUS,1990,2009.444
Australia,AUS,1991,2056.857
Australia,AUS,1992,2117.668
Australia,AUS,1993,2173.138
Australia,AUS,1994,2255.329
Australia,AUS,1995,2333.961
Australia,AUS,1996,2440.31
Australia,AUS,1997,2526.125
Australia,AUS,1998,2660.918
Australia,AUS,1999,2785.538
Australia,AUS,2000,2917.471
Australia,AUS,2001,3039.122
Australia,AUS,2002,3180.573
Australia,AUS,2003,3332.624
Australia,AUS,2004,3548.175
Australia,AUS,2005,3612.7
Australia,AUS,2006,3749.335
Australia,AUS,2007,3895.468
Australia,AUS,2008,4052.738
Australia,AUS,2009,4138.789
Australia,AUS,2010,4271.338
Australia,AUS,2011,4409.157
Australia,AUS,2012,4408.33
Australia,AUS,2013,4455.309
Australia,AUS,2014,4945.727
Australia,AUS,2015,5075.413
Australia,AUS,2016,5225.767
Australia,AUS,2017,5321.048
Australia,AUS,2018,5426.781
Australia,AUS,2019,5435.483
Australia,AUS,2020,5819.048
Australia,AUS,2021,6188.72
Australia,AUS,2022,5964.79
Australia,AUS,2023,5778.4
Australia,AUS,2024,5991.2
Austria,AUT,1970,1144.039
Austria,AUT,1971,1193.936
Austria,AUT,1972,1272.728
Austria,AUT,1973,1371.848
Austria,AUT,1974,1483.454
Austria,AUT,1975,1870.952
Austria,AUT,1976,2012.929
Austria,AUT,1977,2090.557
Austria,AUT,1978,2196.283
Austria,AUT,1979,2307.802
Austria,AUT,1980,2372.723
Austria,AUT,1981,2020.113
Austria,AUT,1982,2040.859
Austria,AUT,1983,2047.492
Austria,AUT,1984,2060.584
Austria,AUT,1985,2141.114
Austria,AUT,1986,2246.75
Austria,AUT,1987,2404.559
Austria,AUT,1988,2477.08
Austria,AUT,1989,2623.84
Austria,AUT,1990,3201.72
Austria,AUT,1991,3311.613
Austria,AUT,1992,3468.752
Austria,AUT,1993,3667.453
Austria,AUT,1994,3917.032
Austria,AUT,1995,4067.284
Austria,AUT,1996,4134.865
Austria,AUT,1997,4211.418
Austria,AUT,1998,4445.203
Austria,AUT,1999,4664.008
Austria,AUT,2000,4718.938
Austria,AUT,2001,4776.365
Austria,AUT,2002,4895.074
Austria,AUT,2003,4967.35
Austria,AUT,2004,5123.73
Austria,AUT,2005,5168.261
Austria,AUT,2006,5267.292
Austria,AUT,2007,5419.719
Austria,AUT,2008,5598.187
Austria,AUT,2009,5704.378
Austria,AUT,2010,5745.795
Austria,AUT,2011,5730.372
Austria,AUT,2012,5816.577
Austria,AUT,2013,5813.279
Austria,AUT,2014,5877.155
Austria,AUT,2015,5925.348
Austria,AUT,2016,6002.761
Austria,AUT,2017,6074.392
Austria,AUT,2018,6137.151
Austria,AUT,2019,6258.114
Austria,AUT,2020,6295.183
Austria,AUT,2021,7008.799
Austria,AUT,2022,6588.493
Austria,AUT,2023,6360.593
Austria,AUT,2024,6587.774
Belgium,BEL,1970,1022.093
Belgium,BEL,1971,1077.305
Belgium,BEL,1972,1173.657
Belgium,BEL,1973,1340.695
Belgium,BEL,1974,1396.515
Belgium,BEL,1975,1678.753
Belgium,BEL,1976,1824.782
Belgium,BEL,1977,1986.896
Belgium,BEL,1978,2094.585
Belgium,BEL,1979,2154.077
Belgium,BEL,1980,2047.947
Belgium,BEL,1981,2121.183
Belgium,BEL,1982,2226.742
Belgium,BEL,1983,2263.887
Belgium,BEL,1984,2253.881
Belgium,BEL,1985,2316.252
Belgium,BEL,1986,2472.047
Belgium,BEL,1987,2558.659
Belgium,BEL,1988,2713.452
Belgium,BEL,1989,2813.131
Belgium,BEL,1990,2912.434
Belgium,BEL,1991,3073.388
Belgium,BEL,1992,3211.239
Belgium,BEL,1993,3251.719
Belgium,BEL,1994,3261.319
Belgium,BEL,1995,3290.081
Belgium,BEL,1996,3437.734
Belgium,BEL,1997,3483.27
Belgium,BEL,1998,3615.121
Belgium,BEL,1999,3797.244
Belgium,BEL,2000,3898.011
Belgium,BEL,2001,3987.254
Belgium,BEL,2002,4125.222
Belgium,BEL,2003,4584.226
Belgium,BEL,2004,4790.613
Belgium,BEL,2005,4781.754
Belgium,BEL,2006,4781.556
Belgium,BEL,2007,4890.794
Belgium,BEL,2008,5036.837
Belgium,BEL,2009,5404.678
Belgium,BEL,2010,5417.472
Belgium,BEL,2011,5407.163
Belgium,BEL,2012,5470.976
Belgium,BEL,2013,5506.451
Belgium,BEL,2014,5574.688
Belgium,BEL,2015,5789.392
Belgium,BEL,2016,5856.383
Belgium,BEL,2017,5938.933
Belgium,BEL,2018,6021.828
Belgium,BEL,2019,6082.866
Belgium,BEL,2020,6096.546
Belgium,BEL,2021,6348.495
Belgium,BEL,2022,6114.154
Belgium,BEL,2023,6122.588
Belgium,BEL,2024,6280.1
Brazil,BRA,2000,1082.846
Brazil,BRA,2001,1107.184
Brazil,BRA,2002,1157.063
Brazil,BRA,2003,1086.339
Brazil,BRA,2004,1138.422
Brazil,BRA,2005,1145.37
Brazil,BRA,2006,1218.298
Brazil,BRA,2007,1278.99
Brazil,BRA,2008,1307.279
Brazil,BRA,2009,1358.86
Brazil,BRA,2010,1385.93
Brazil,BRA,2011,1408.424
Brazil,BRA,2012,1413.623
Brazil,BRA,2013,1476.506
Brazil,BRA,2014,1541.713
Brazil,BRA,2015,1545.663
Brazil,BRA,2016,1516.133
Brazil,BRA,2017,1574.586
Brazil,BRA,2018,1594.538
Brazil,BRA,2019,1625.225
Brazil,BRA,2020,1578.256
Brazil,BRA,2021,1688.036
Brazil,BRA,2022,1660.701
Bulgaria,BGR,2003,884.415
Bulgaria,BGR,2004,926.344
Bulgaria,BGR,2005,993.605
Bulgaria,BGR,2006,1051.808
Bulgaria,BGR,2007,1092.514
Bulgaria,BGR,2008,1202.305
Bulgaria,BGR,2009,1260.529
Bulgaria,BGR,2010,1365
Bulgaria,BGR,2011,1439.52
Bulgaria,BGR,2012,1519.749
Bulgaria,BGR,2013,1472.01
Bulgaria,BGR,2014,1612.488
Bulgaria,BGR,2015,1639.297
Bulgaria,BGR,2016,1755.087
Bulgaria,BGR,2017,1844.784
Bulgaria,BGR,2018,1901.821
Bulgaria,BGR,2019,1986.2
Bulgaria,BGR,2020,2391.507
Bulgaria,BGR,2021,2637.978
Bulgaria,BGR,2022,2483.385
Bulgaria,BGR,2023,2611.926
Canada,CAN,1970,1444.382
Canada,CAN,1971,1583.901
Canada,CAN,1972,1648.335
Canada,CAN,1973,1694.744
Canada,CAN,1974,1763.694
Canada,CAN,1975,1887.969
Canada,CAN,1976,1993.86
Canada,CAN,1977,2001.014
Canada,CAN,1978,2013.917
Canada,CAN,1979,2049.255
Canada,CAN,1980,2117.487
Canada,CAN,1981,2205.102
Canada,CAN,1982,2313.299
Canada,CAN,1983,2376.458
Canada,CAN,1984,2432.641
Canada,CAN,1985,2509.945
Canada,CAN,1986,2588.422
Canada,CAN,1987,2661.151
Canada,CAN,1988,2759.072
Canada,CAN,1989,2855.759
Canada,CAN,1990,2941.633
Canada,CAN,1991,3020.438
Canada,CAN,1992,3089.529
Canada,CAN,1993,3067.023
Canada,CAN,1994,3052.665
Canada,CAN,1995,3023.914
Canada,CAN,1996,2982.192
Canada,CAN,1997,3065.144
Canada,CAN,1998,3194.554
Canada,CAN,1999,3252.492
Canada,CAN,2000,3402.299
Canada,CAN,2001,3566.285
Canada,CAN,2002,3692.159
Canada,CAN,2003,3837.345
Canada,CAN,2004,4006.356
Canada,CAN,2005,4122.513
Canada,CAN,2006,4358.913
Canada,CAN,2007,4514.405
Canada,CAN,2008,4673.809
Canada,CAN,2009,4845.399
Canada,CAN,2010,5011.498
Canada,CAN,2011,5013.978
Canada,CAN,2012,5101.292
Canada,CAN,2013,5109.15
Canada,CAN,2014,5124.869
Canada,CAN,2015,5253.683
Canada,CAN,2016,5385.412
Canada,CAN,2017,5488.334
Canada,CAN,2018,5567.372
Canada,CAN,2019,5640.969
Canada,CAN,2020,6208.613
Canada,CAN,2021,6532.472
Canada,CAN,2022,6139.721
Canada,CAN,2023,5981.05
Canada,CAN,2024,5946.07
Chile,CHL,2000,1045.985
Chile,CHL,2001,1074.699
Chile,CHL,2002,1114.511
Chile,CHL,2003,1174.018
Chile,CHL,2004,1246.553
Chile,CHL,2005,1284.287
Chile,CHL,2006,1338.225
Chile,CHL,2007,1430.583
Chile,CHL,2008,1460.335
Chile,CHL,2009,1701.046
Chile,CHL,2010,1615.202
Chile,CHL,2011,1688.033
Chile,CHL,2012,1793.612
Chile,CHL,2013,1936.624
Chile,CHL,2014,2041.482
Chile,CHL,2015,2181.035
Chile,CHL,2016,2269.366
Chile,CHL,2017,2462.771
Chile,CHL,2018,2526.753
Chile,CHL,2019,2536.159
Chile,CHL,2020,2488.957
Chile,CHL,2021,2865.452
Chile,CHL,2022,2943.784
Chile,CHL,2023,2964.418
Chile,CHL,2024,3199.197
China,CHN,2000,175.682
China,CHN,2001,178.12
China,CHN,2002,198.976
China,CHN,2003,219.404
China,CHN,2004,233.084
China,CHN,2005,252.455
China,CHN,2006,266.934
China,CHN,2007,282.201
China,CHN,2008,324.482
China,CHN,2009,393.29
China,CHN,2010,417.713
China,CHN,2011,467.801
China,CHN,2012,531.196
China,CHN,2013,589.069
China,CHN,2014,635.87
China,CHN,2015,698.837
China,CHN,2016,744.775
China,CHN,2017,804.146
China,CHN,2018,871.683
China,CHN,2019,960.935
China,CHN,2020,1030.111
China,CHN,2021,1058.264
China,CHN,2022,1086.188
Colombia,COL,2000,592.037
Colombia,COL,2001,615.399
Colombia,COL,2002,592.165
Colombia,COL,2003,618.508
Colombia,COL,2004,660.031
Colombia,COL,2005,725.04
Colombia,COL,2006,800.012
Colombia,COL,2007,865.586
Colombia,COL,2008,958.755
Colombia,COL,2009,1021.747
Colombia,COL,2010,1035.236
Colombia,COL,2011,1061.593
Colombia,COL,2012,1086.518
Colombia,COL,2013,1171.611
Colombia,COL,2014,1230.813
Colombia,COL,2015,1270.997
Colombia,COL,2016,1268.882
Colombia,COL,2017,1312.671
Colombia,COL,2018,1345.978
Colombia,COL,2019,1376.834
Colombia,COL,2020,1379.007
Colombia,COL,2021,1601.303
Colombia,COL,2022,1441.262
Colombia,COL,2023,1537.464
Colombia,COL,2024,1546.784
Costa Rica,CRI,2004,890.477
Costa Rica,CRI,2005,900.769
Costa Rica,CRI,2006,982.262
Costa Rica,CRI,2007,1043.837
Costa Rica,CRI,2008,1133.149
Costa Rica,CRI,2009,1228.581
Costa Rica,CRI,2010,1313.084
Costa Rica,CRI,2011,1359.088
Costa Rica,CRI,2012,1364.328
Costa Rica,CRI,2013,1370.558
Costa Rica,CRI,2014,1413.926
Costa Rica,CRI,2015,1467.961
Costa Rica,CRI,2016,1468.871
Costa Rica,CRI,2017,1453.864
Costa Rica,CRI,2018,1522.242
Costa Rica,CRI,2019,1533.99
Costa Rica,CRI,2020,1581.441
Costa Rica,CRI,2021,1641.674
Costa Rica,CRI,2022,1575.997
Costa Rica,CRI,2023,1597.9
Costa Rica,CRI,2024,1640.7
Croatia,HRV,2003,1447.603
Croatia,HRV,2004,1572.214
Croatia,HRV,2005,1718.29
Croatia,HRV,2006,1834.798
Croatia,HRV,2007,2084.581
Croatia,HRV,2008,2201
Croatia,HRV,2009,2160.093
Croatia,HRV,2010,2104.557
Croatia,HRV,2011,1961.911
Croatia,HRV,2012,1907.831
Croatia,HRV,2013,1631.792
Croatia,HRV,2014,1691.521
Croatia,HRV,2015,1777.755
Croatia,HRV,2016,1889.293
Croatia,HRV,2017,1965.698
Croatia,HRV,2018,2084.461
Croatia,HRV,2019,2212.67
Croatia,HRV,2020,2314.93
Croatia,HRV,2021,2755.766
Croatia,HRV,2022,2647.95
Croatia,HRV,2023,2750.862
Cyprus,CYP,2003,2048.282
Cyprus,CYP,2004,2057.884
Cyprus,CYP,2005,2104.015
Cyprus,CYP,2006,2168.571
Cyprus,CYP,2007,2193.534
Cyprus,CYP,2008,2505.634
Cyprus,CYP,2009,2562.646
Cyprus,CYP,2010,2548.532
Cyprus,CYP,2011,2434.5
Cyprus,CYP,2012,2340.393
Cyprus,CYP,2013,2316.492
Cyprus,CYP,2014,2278.256
Cyprus,CYP,2015,2342.133
Cyprus,CYP,2016,2463.599
Cyprus,CYP,2017,2569.113
Cyprus,CYP,2018,2758.279
Cyprus,CYP,2019,2987.341
Cyprus,CYP,2020,3489.936
Cyprus,CYP,2021,3975.137
Cyprus,CYP,2022,3893.742
Cyprus,CYP,2023,3869.255
Czechia,CZE,1990,1072.905
Czechia,CZE,1991,926.349
Czechia,CZE,1992,951.266
Czechia,CZE,1993,1320.349
Czechia,CZE,1994,1424.409
Czechia,CZE,1995,1558.323
Czechia,CZE,1996,1619.451
Czechia,CZE,1997,1609.594
Czechia,CZE,1998,1630.103
Czechia,CZE,1999,1714.452
Czechia,CZE,2000,1736.426
Czechia,CZE,2001,1869.463
Czechia,CZE,2002,2027.375
Czechia,CZE,2003,2230.002
Czechia,CZE,2004,2280.551
Czechia,CZE,2005,2390.374
Czechia,CZE,2006,2432.809
Czechia,CZE,2007,2491.195
Czechia,CZE,2008,2625.019
Czechia,CZE,2009,2881.371
Czechia,CZE,2010,2963.847
Czechia,CZE,2011,2952.508
Czechia,CZE,2012,2940.737
Czechia,CZE,2013,2924.82
Czechia,CZE,2014,3069.439
Czechia,CZE,2015,3120.284
Czechia,CZE,2016,3219.221
Czechia,CZE,2017,3293.657
Czechia,CZE,2018,3416.183
Czechia,CZE,2019,3590.648
Czechia,CZE,2020,4098.209
Czechia,CZE,2021,4416.112
Czechia,CZE,2022,4012.926
Czechia,CZE,2023,3921.603
Czechia,CZE,2024,4046.85
Denmark,DNK,1971,2109.407
Denmark,DNK,1972,2220.821
Denmark,DNK,1973,2275.067
Denmark,DNK,1974,2392.626
Denmark,DNK,1975,2450.016
Denmark,DNK,1976,2555.392
Denmark,DNK,1977,2536.767
Denmark,DNK,1978,2650.255
Denmark,DNK,1979,2727.482
Denmark,DNK,1980,2663.294
Denmark,DNK,1981,2675.626
Denmark,DNK,1982,2779.542
Denmark,DNK,1983,2798.481
Denmark,DNK,1984,2752.103
Denmark,DNK,1985,2869.692
Denmark,DNK,1986,2957.091
Denmark,DNK,1987,3070.116
Denmark,DNK,1988,3106.382
Denmark,DNK,1989,3082.262
Denmark,DNK,1990,3133.038
Denmark,DNK,1991,3121.215
Denmark,DNK,1992,3185.561
Denmark,DNK,1993,3292.721
Denmark,DNK,1994,3345.448
Denmark,DNK,1995,3288.561
Denmark,DNK,1996,3401.905
Denmark,DNK,1997,3456.594
Denmark,DNK,1998,3412.32
Denmark,DNK,1999,3854.401
Denmark,DNK,2000,3892.751
Denmark,DNK,2001,4073.651
Denmark,DNK,2002,4207.349
Denmark,DNK,2003,4307.302
Denmark,DNK,2004,4484.892
Denmark,DNK,2005,4668.188
Denmark,DNK,2006,4872.285
Denmark,DNK,2007,4999.732
Denmark,DNK,2008,5100.178
Denmark,DNK,2009,5334.676
Denmark,DNK,2010,5435.29
Denmark,DNK,2011,5343.147
Denmark,DNK,2012,5411.535
Denmark,DNK,2013,5356.839
Denmark,DNK,2014,5445.714
Denmark,DNK,2015,5587.997
Denmark,DNK,2016,5669.119
Denmark,DNK,2017,5724.452
Denmark,DNK,2018,5808.855
Denmark,DNK,2019,5923.613
Denmark,DNK,2020,6146.851
Denmark,DNK,2021,6609.538
Denmark,DNK,2022,6076.084
Denmark,DNK,2023,5822.645
Denmark,DNK,2024,5927.115
Estonia,EST,1999,892.607
Estonia,EST,2000,893.503
Estonia,EST,2001,880.525
Estonia,EST,2002,940.773
Estonia,EST,2003,1131.869
Estonia,EST,2004,1268.612
Estonia,EST,2005,1404.976
Estonia,EST,2006,1497.821
Estonia,EST,2007,1745.028
Estonia,EST,2008,1871.135
Estonia,EST,2009,1850.933
Estonia,EST,2010,1810.235
Estonia,EST,2011,1804.813
Estonia,EST,2012,1875.419
Estonia,EST,2013,1978.481
Estonia,EST,2014,2097.762
Estonia,EST,2015,2230.862
Estonia,EST,2016,2325.043
Estonia,EST,2017,2392.241
Estonia,EST,2018,2517.863
Estonia,EST,2019,2645.134
Estonia,EST,2020,2921.827
Estonia,EST,2021,3160.848
Estonia,EST,2022,2880.962
Estonia,EST,2023,2921.429
Estonia,EST,2024,2948.8
Finland,FIN,1970,1058.35
Finland,FIN,1971,1152.706
Finland,FIN,1972,1252.597
Finland,FIN,1973,1311.609
Finland,FIN,1974,1354.478
Finland,FIN,1975,1458.886
Finland,FIN,1976,1555.648
Finland,FIN,1977,1590.939
Finland,FIN,1978,1616.981
Finland,FIN,1979,1694.614
Finland,FIN,1980,1737.749
Finland,FIN,1981,1794.041
Finland,FIN,1982,1864.31
Finland,FIN,1983,1935.902
Finland,FIN,1984,2020.673
Finland,FIN,1985,2197.035
Finland,FIN,1986,2303.296
Finland,FIN,1987,2445.134
Finland,FIN,1988,2558.038
Finland,FIN,1989,2700.907
Finland,FIN,1990,2875.121
Finland,FIN,1991,2975.427
Finland,FIN,1992,2860.236
Finland,FIN,1993,2563.537
Finland,FIN,1994,2493.674
Finland,FIN,1995,2698.045
Finland,FIN,1996,2793.795
Finland,FIN,1997,2835.343
Finland,FIN,1998,2885.104
Finland,FIN,1999,2976.324
Finland,FIN,2000,3230.932
Finland,FIN,2001,3381.652
Finland,FIN,2002,3562.815
Finland,FIN,2003,3720.881
Finland,FIN,2004,3901.029
Finland,FIN,2005,4088.473
Finland,FIN,2006,4193.581
Finland,FIN,2007,4306.824
Finland,FIN,2008,4423.108
Finland,FIN,2009,4421.828
Finland,FIN,2010,4475.389
Finland,FIN,2011,4571.221
Finland,FIN,2012,4651.581
Finland,FIN,2013,4700.07
Finland,FIN,2014,4663.214
Finland,FIN,2015,4653.823
Finland,FIN,2016,4652.864
Finland,FIN,2017,4664.664
Finland,FIN,2018,4697.715
Finland,FIN,2019,4830.318
Finland,FIN,2020,4966.75
Finland,FIN,2021,5213.708
Finland,FIN,2022,5159.045
Finland,FIN,2023,5374.71
Finland,FIN,2024,5447
France,FRA,1970,1223.278
France,FRA,1975,1704.131
France,FRA,1980,2141.888
France,FRA,1985,2523.013
France,FRA,1990,3074.766
France,FRA,1991,3176.771
France,FRA,1992,3275.225
France,FRA,1993,3393.718
France,FRA,1994,3443.415
France,FRA,1995,3898.337
France,FRA,1996,3932.869
France,FRA,1997,3951.707
France,FRA,1998,4053.983
France,FRA,1999,4175.681
France,FRA,2000,4252.468
France,FRA,2001,4363.613
France,FRA,2002,4546.811
France,FRA,2003,4578.138
France,FRA,2004,4692.006
France,FRA,2005,4758.546
France,FRA,2006,4926.712
France,FRA,2007,5015.674
France,FRA,2008,5077.483
France,FRA,2009,5329.271
France,FRA,2010,5376.961
France,FRA,2011,5422.436
France,FRA,2012,5483.953
France,FRA,2013,5575.336
France,FRA,2014,5658.037
France,FRA,2015,5711.991
France,FRA,2016,5803.294
France,FRA,2017,5829.314
France,FRA,2018,5805.925
France,FRA,2019,5852.904
France,FRA,2020,5873.888
France,FRA,2021,6330.708
France,FRA,2022,6204.341
France,FRA,2023,6036.114
France,FRA,2024,6102.4
Germany,DEU,1970,1702.127
Germany,DEU,1971,1913.09
Germany,DEU,1972,2073.733
Germany,DEU,1973,2236.716
Germany,DEU,1974,2394.559
Germany,DEU,1975,2595.155
Germany,DEU,1976,2728.955
Germany,DEU,1977,2806.318
Germany,DEU,1978,2957.99
Germany,DEU,1979,2986.712
Germany,DEU,1980,3060.685
Germany,DEU,1981,3137.332
Germany,DEU,1982,3054.491
Germany,DEU,1983,3096.876
Germany,DEU,1984,3226.842
Germany,DEU,1985,3380.133
Germany,DEU,1986,3532.426
Germany,DEU,1987,3653.202
Germany,DEU,1988,3842.882
Germany,DEU,1989,3638.544
Germany,DEU,1990,3765.272
Germany,DEU,1992,3957.661
Germany,DEU,1993,3901.302
Germany,DEU,1994,4100.271
Germany,DEU,1995,4305.096
Germany,DEU,1996,4464.098
Germany,DEU,1997,4470.918
Germany,DEU,1998,4596.885
Germany,DEU,1999,4698.046
Germany,DEU,2000,4806.187
Germany,DEU,2001,4858.73
Germany,DEU,2002,4964.413
Germany,DEU,2003,5023.783
Germany,DEU,2004,4971.253
Germany,DEU,2005,5057.321
Germany,DEU,2006,5148.344
Germany,DEU,2007,5247.131
Germany,DEU,2008,5374.527
Germany,DEU,2009,5662.397
Germany,DEU,2010,5782.639
Germany,DEU,2011,5794.192
Germany,DEU,2012,5846.723
Germany,DEU,2013,5941.813
Germany,DEU,2014,6093.697
Germany,DEU,2015,6296.315
Germany,DEU,2016,6452.692
Germany,DEU,2017,6627.465
Germany,DEU,2018,6763.583
Germany,DEU,2019,6986.616
Germany,DEU,2020,7364.289
Germany,DEU,2021,7779.812
Germany,DEU,2022,7706.695
Germany,DEU,2023,7248.147
Germany,DEU,2024,7553.092
Greece,GRC,1988,1342.369
Greece,GRC,1989,1533.215
Greece,GRC,1990,1542.238
Greece,GRC,1991,1534.301
Greece,GRC,1992,1664.915
Greece,GRC,1993,1832.34
Greece,GRC,1994,2043.957
Greece,GRC,1995,2090.682
Greece,GRC,1996,2105.404
Greece,GRC,1997,2139.939
Greece,GRC,1998,2183.476
Greece,GRC,1999,2310.807
Greece,GRC,2000,2195.84
Greece,GRC,2001,2517.149
Greece,GRC,2002,2716.958
Greece,GRC,2003,2941.107
Greece,GRC,2004,2948.312
Greece,GRC,2005,3112.642
Greece,GRC,2006,3173.373
Greece,GRC,2007,3323.42
Greece,GRC,2008,3473.102
Greece,GRC,2009,3564.408
Greece,GRC,2010,3349.691
Greece,GRC,2011,2858.48
Greece,GRC,2012,2569.544
Greece,GRC,2013,2387.146
Greece,GRC,2014,2263.877
Greece,GRC,2015,2397.628
Greece,GRC,2016,2470.094
Greece,GRC,2017,2404.498
Greece,GRC,2018,2435.397
Greece,GRC,2019,2506.789
Greece,GRC,2020,2653.634
Greece,GRC,2021,2816.546
Greece,GRC,2022,2847.828
Greece,GRC,2023,2942.785
Greece,GRC,2024,2894.9
Hungary,HUN,1991,1183.913
Hungary,HUN,1992,1225.142
Hungary,HUN,1993,1234.336
Hungary,HUN,1994,1358.062
Hungary,HUN,1995,1252.705
Hungary,HUN,1996,1239.278
Hungary,HUN,1997,1227.352
Hungary,HUN,1998,1338.622
Hungary,HUN,1999,1409.751
Hungary,HUN,2000,1439.124
Hungary,HUN,2001,1534.285
Hungary,HUN,2002,1690.434
Hungary,HUN,2003,1999.715
Hungary,HUN,2004,2007.366
Hungary,HUN,2005,2137.059
Hungary,HUN,2006,2180.744
Hungary,HUN,2007,2006.983
Hungary,HUN,2008,1984.236
Hungary,HUN,2009,1907.7
Hungary,HUN,2010,1978.167
Hungary,HUN,2011,2017.07
Hungary,HUN,2012,1951.433
Hungary,HUN,2013,1980.585
Hungary,HUN,2014,2048.917
Hungary,HUN,2015,2105.527
Hungary,HUN,2016,2199.714
Hungary,HUN,2017,2223.241
Hungary,HUN,2018,2309.214
Hungary,HUN,2019,2321.215
Hungary,HUN,2020,2615.41
Hungary,HUN,2021,2838.831
Hungary,HUN,2022,2705.074
Hungary,HUN,2023,2612.506
Hungary,HUN,2024,2692.309
Iceland,ISL,1970,890.325
Iceland,ISL,1971,1137.476
Iceland,ISL,1972,1203.338
Iceland,ISL,1973,1209.089
Iceland,ISL,1974,1440.596
Iceland,ISL,1975,1410.887
Iceland,ISL,1976,1419.472
Iceland,ISL,1977,1579.392
Iceland,ISL,1978,1824.33
Iceland,ISL,1979,2061.936
Iceland,ISL,1980,1958.255
Iceland,ISL,1981,2047.199
Iceland,ISL,1982,2179.978
Iceland,ISL,1983,2224.488
Iceland,ISL,1984,2093.696
Iceland,ISL,1985,2196.557
Iceland,ISL,1986,2563.019
Iceland,ISL,1987,2927.591
Iceland,ISL,1988,3059.692
Iceland,ISL,1989,2856.389
Iceland,ISL,1990,2765.517
Iceland,ISL,1991,2822.102
Iceland,ISL,1992,2751.387
Iceland,ISL,1993,2735.891
Iceland,ISL,1994,2764.486
Iceland,ISL,1995,2798.387
Iceland,ISL,1996,2891.782
Iceland,ISL,1997,2998.043
Iceland,ISL,1998,3513.478
Iceland,ISL,1999,3761.405
Iceland,ISL,2000,3855.985
Iceland,ISL,2001,3904.948
Iceland,ISL,2002,4141.197
Iceland,ISL,2003,4277.403
Iceland,ISL,2004,4351.094
Iceland,ISL,2005,4423.144
Iceland,ISL,2006,4443.329
Iceland,ISL,2007,4544.982
Iceland,ISL,2008,4507.014
Iceland,ISL,2009,4225.351
Iceland,ISL,2010,4021.851
Iceland,ISL,2011,4013.008
Iceland,ISL,2012,3939.78
Iceland,ISL,2013,3999.195
Iceland,ISL,2014,4070.754
Iceland,ISL,2015,4268.791
Iceland,ISL,2016,4469.744
Iceland,ISL,2017,4660.75
Iceland,ISL,2018,4789.57
Iceland,ISL,2019,4886.572
Iceland,ISL,2020,5010.061
Iceland,ISL,2021,5303.628
Iceland,ISL,2022,5342.863
Iceland,ISL,2023,5227.719
Iceland,ISL,2024,5476.994
India,IND,2000,118.853
India,IND,2001,129.452
India,IND,2002,132.181
India,IND,2003,132.984
India,IND,2004,142.638
India,IND,2005,148.046
India,IND,2006,153.135
India,IND,2007,161.46
India,IND,2008,167.772
India,IND,2009,176.466
India,IND,2010,181.105
India,IND,2011,184.267
India,IND,2012,195.532
India,IND,2013,228.136
India,IND,2014,229.645
India,IND,2015,240.1
India,IND,2016,248.707
India,IND,2017,220.903
India,IND,2018,225.668
India,IND,2019,236.137
India,IND,2020,249.68
India,IND,2021,277.286
India,IND,2022,290.161
Indonesia,IDN,2000,118.049
Indonesia,IDN,2001,134.609
Indonesia,IDN,2002,121.637
Indonesia,IDN,2003,139.872
Indonesia,IDN,2004,138.688
Indonesia,IDN,2005,176.632
Indonesia,IDN,2006,190.474
Indonesia,IDN,2007,210.764
Indonesia,IDN,2008,208.359
Indonesia,IDN,2009,221.468
Indonesia,IDN,2010,247.054
Indonesia,IDN,2011,278.207
Indonesia,IDN,2012,277.489
Indonesia,IDN,2013,282.171
Indonesia,IDN,2014,301.372
Indonesia,IDN,2015,306.059
Indonesia,IDN,2016,326.244
Indonesia,IDN,2017,329.058
Indonesia,IDN,2018,340.148
Indonesia,IDN,2019,350.425
Indonesia,IDN,2020,401.751
Indonesia,IDN,2021,465.218
Indonesia,IDN,2022,369.307
Indonesia,IDN,2023,375.613
Ireland,IRL,1970,568.611
Ireland,IRL,1971,696.09
Ireland,IRL,1972,763.851
Ireland,IRL,1973,832.118
Ireland,IRL,1974,845.716
Ireland,IRL,1975,907.016
Ireland,IRL,1976,891.503
Ireland,IRL,1977,900.161
Ireland,IRL,1978,1025.579
Ireland,IRL,1979,1085.819
Ireland,IRL,1980,1180.76
Ireland,IRL,1981,1120.007
Ireland,IRL,1982,1114.174
Ireland,IRL,1983,1122.552
Ireland,IRL,1984,1127.508
Ireland,IRL,1985,1165.629
Ireland,IRL,1986,1165.915
Ireland,IRL,1987,1164.177
Ireland,IRL,1988,1164.076
Ireland,IRL,1989,1176.958
Ireland,IRL,1990,1208.532
Ireland,IRL,1991,1304.652
Ireland,IRL,1992,1390.137
Ireland,IRL,1993,1464.303
Ireland,IRL,1994,1503.639
Ireland,IRL,1995,1599.238
Ireland,IRL,1996,1640.1
Ireland,IRL,1997,1789.699
Ireland,IRL,1998,1903.575
Ireland,IRL,1999,2082.917
Ireland,IRL,2000,2421.192
Ireland,IRL,2001,2773.758
Ireland,IRL,2002,3006.698
Ireland,IRL,2003,3190.186
Ireland,IRL,2004,3376.136
Ireland,IRL,2005,3737.771
Ireland,IRL,2006,3775.404
Ireland,IRL,2007,3936.465
Ireland,IRL,2008,4195.942
Ireland,IRL,2009,4570.972
Ireland,IRL,2010,4563.185
Ireland,IRL,2011,4629.776
Ireland,IRL,2012,4644.614
Ireland,IRL,2013,4530.941
Ireland,IRL,2014,4483.332
Ireland,IRL,2015,4603.17
Ireland,IRL,2016,4751.098
Ireland,IRL,2017,4876.838
Ireland,IRL,2018,5013.019
Ireland,IRL,2019,5159.499
Ireland,IRL,2020,5618.802
Ireland,IRL,2021,5858.208
Ireland,IRL,2022,5827.71
Ireland,IRL,2023,5689.405
Ireland,IRL,2024,5954.172
Israel,ISR,1995,1727.38
Israel,ISR,1996,1822.706
Israel,ISR,1997,1907.673
Israel,ISR,1998,1947.636
Israel,ISR,1999,1897.953
Israel,ISR,2000,2016.917
Israel,ISR,2001,2104.105
Israel,ISR,2002,2039.261
Israel,ISR,2003,2002.637
Israel,ISR,2004,2038.594
Israel,ISR,2005,2108.729
Israel,ISR,2006,2107.508
Israel,ISR,2007,2183.103
Israel,ISR,2008,2189.331
Israel,ISR,2009,2232.983
Israel,ISR,2010,2268.871
Israel,ISR,2011,2296.168
Israel,ISR,2012,2378.565
Israel,ISR,2013,2420.946
Israel,ISR,2014,2497.6
Israel,ISR,2015,2563.313
Israel,ISR,2016,2677.37
Israel,ISR,2017,2756.161
Israel,ISR,2018,2827.547
Israel,ISR,2019,2891.73
Israel,ISR,2020,3015.382
Israel,ISR,2021,3204.766
Israel,ISR,2022,3133.784
Israel,ISR,2023,3154.402
Israel,ISR,2024,3447
Italy,ITA,1988,2545.89
Italy,ITA,1989,2599.389
Italy,ITA,1990,2823.913
Italy,ITA,1991,2973.329
Italy,ITA,1992,2927.177
Italy,ITA,1993,2844.62
Italy,ITA,1994,2815.503
Italy,ITA,1995,2858.108
Italy,ITA,1996,2941.501
Italy,ITA,1997,3111.596
Italy,ITA,1998,3199.695
Italy,ITA,1999,3274.636
Italy,ITA,2000,3465.071
Italy,ITA,2001,3623.093
Italy,ITA,2002,3699.086
Italy,ITA,2003,3670.812
Italy,ITA,2004,3854.506
Italy,ITA,2005,3923.952
Italy,ITA,2006,3992.867
Italy,ITA,2007,3897.346
Italy,ITA,2008,3985.801
Italy,ITA,2009,4008.764
Italy,ITA,2010,3999.115
Italy,ITA,2011,3914.124
Italy,ITA,2012,3788.466
Italy,ITA,2013,3713.707
Italy,ITA,2014,3771.171
Italy,ITA,2015,3836.314
Italy,ITA,2016,3862.937
Italy,ITA,2017,3897.651
Italy,ITA,2018,3901.229
Italy,ITA,2019,3931.603
Italy,ITA,2020,4027.251
Italy,ITA,2021,4269.413
Italy,ITA,2022,4164.445
Italy,ITA,2023,4046.196
Italy,ITA,2024,4108.979
Japan,JPN,1970,886.04
Japan,JPN,1971,922.649
Japan,JPN,1972,1006.626
Japan,JPN,1973,1059.479
Japan,JPN,1974,1131.768
Japan,JPN,1975,1226.568
Japan,JPN,1976,1241.778
Japan,JPN,1977,1307.485
Japan,JPN,1978,1409.831
Japan,JPN,1979,1493.797
Japan,JPN,1980,1594.06
Japan,JPN,1981,1650.871
Japan,JPN,1982,1720.087
Japan,JPN,1983,1774.302
Japan,JPN,1984,1781.316
Japan,JPN,1985,1886.912
Japan,JPN,1986,1939.06
Japan,JPN,1987,2002.222
Japan,JPN,1988,2038.913
Japan,JPN,1989,2057.121
Japan,JPN,1990,2099.655
Japan,JPN,1991,2174.402
Japan,JPN,1992,2273.81
Japan,JPN,1993,2357.611
Japan,JPN,1994,2461.75
Japan,JPN,1995,2399.027
Japan,JPN,1996,2386.48
Japan,JPN,1997,2496.894
Japan,JPN,1998,2541.186
Japan,JPN,1999,2652.93
Japan,JPN,2000,2774.042
Japan,JPN,2001,2858.965
Japan,JPN,2002,2901.319
Japan,JPN,2003,2980.763
Japan,JPN,2004,3049.11
Japan,JPN,2005,3137.991
Japan,JPN,2006,3167.118
Japan,JPN,2007,3237.999
Japan,JPN,2008,3276.468
Japan,JPN,2009,3471.719
Japan,JPN,2010,3631.734
Japan,JPN,2011,4159.663
Japan,JPN,2012,4289.57
Japan,JPN,2013,4374.052
Japan,JPN,2014,4409.354
Japan,JPN,2015,4565.855
Japan,JPN,2016,4597.065
Japan,JPN,2017,4658.361
Japan,JPN,2018,4705.324
Japan,JPN,2019,4805.742
Japan,JPN,2020,4854.554
Japan,JPN,2021,5270.049
Japan,JPN,2022,5330.394
Japan,JPN,2023,4805.684
Japan,JPN,2024,4779.6
Latvia,LVA,2000,716.232
Latvia,LVA,2001,814.345
Latvia,LVA,2002,895.568
Latvia,LVA,2003,935.814
Latvia,LVA,2004,1160.963
Latvia,LVA,2005,1250.665
Latvia,LVA,2006,1447.993
Latvia,LVA,2007,1656.789
Latvia,LVA,2008,1588.126
Latvia,LVA,2009,1360.854
Latvia,LVA,2010,1360.401
Latvia,LVA,2011,1362.259
Latvia,LVA,2012,1417.399
Latvia,LVA,2013,1474.067
Latvia,LVA,2014,1548.816
Latvia,LVA,2015,1671.638
Latvia,LVA,2016,1876.94
Latvia,LVA,2017,1901.066
Latvia,LVA,2018,2080.432
Latvia,LVA,2019,2242.39
Latvia,LVA,2020,2403.416
Latvia,LVA,2021,3189.776
Latvia,LVA,2022,2725.536
Latvia,LVA,2023,2478.891
Latvia,LVA,2024,2570.2
Lithuania,LTU,2000,977.683
Lithuania,LTU,2001,992.48
Lithuania,LTU,2002,1092.508
Lithuania,LTU,2003,1231.168
Lithuania,LTU,2004,1211.196
Lithuania,LTU,2005,1403.36
Lithuania,LTU,2006,1601.115
Lithuania,LTU,2007,1808.153
Lithuania,LTU,2008,2001.077
Lithuania,LTU,2009,1875.475
Lithuania,LTU,2010,1827.761
Lithuania,LTU,2011,1902.265
Lithuania,LTU,2012,1938.097
Lithuania,LTU,2013,1986.063
Lithuania,LTU,2014,2105.775
Lithuania,LTU,2015,2270.347
Lithuania,LTU,2016,2410.389
Lithuania,LTU,2017,2480.149
Lithuania,LTU,2018,2629.323
Lithuania,LTU,2019,2931.672
Lithuania,LTU,2020,3092.326
Lithuania,LTU,2021,3448.808
Lithuania,LTU,2022,3248.737
Lithuania,LTU,2023,3199.367
Lithuania,LTU,2024,3123.821
Luxembourg,LUX,1976,1433.521
Luxembourg,LUX,1977,1513.233
Luxembourg,LUX,1978,1687.289
Luxembourg,LUX,1979,1772.916
Luxembourg,LUX,1980,1826.989
Luxembourg,LUX,1981,1835.03
Luxembourg,LUX,1982,1810.734
Luxembourg,LUX,1983,1805.983
Luxembourg,LUX,1984,1841.664
Luxembourg,LUX,1985,1889.02
Luxembourg,LUX,1986,2043.822
Luxembourg,LUX,1987,2279.67
Luxembourg,LUX,1988,2554.567
Luxembourg,LUX,1989,2730.594
Luxembourg,LUX,1990,2918.003
Luxembourg,LUX,1991,2963.162
Luxembourg,LUX,1992,3097.237
Luxembourg,LUX,1993,3289.779
Luxembourg,LUX,1994,3302.033
Luxembourg,LUX,1995,3651.285
Luxembourg,LUX,1996,3755.615
Luxembourg,LUX,1997,3769.69
Luxembourg,LUX,1998,3937.629
Luxembourg,LUX,1999,4393.204
Luxembourg,LUX,2000,4950.846
Luxembourg,LUX,2001,5308.944
Luxembourg,LUX,2002,5709.548
Luxembourg,LUX,2003,5896.315
Luxembourg,LUX,2004,6355.326
Luxembourg,LUX,2005,6380.464
Luxembourg,LUX,2006,6458.858
Luxembourg,LUX,2007,6350.745
Luxembourg,LUX,2008,6507.255
Luxembourg,LUX,2009,7058.351
Luxembourg,LUX,2010,7065.356
Luxembourg,LUX,2011,5838.197
Luxembourg,LUX,2012,5195.241
Luxembourg,LUX,2013,5211.295
Luxembourg,LUX,2014,5307.929
Luxembourg,LUX,2015,5204.959
Luxembourg,LUX,2016,5234.708
Luxembourg,LUX,2017,5226.134
Luxembourg,LUX,2018,5361.343
Luxembourg,LUX,2019,5542.815
Luxembourg,LUX,2020,5858.675
Luxembourg,LUX,2021,6267.709
Luxembourg,LUX,2022,6133.524
Luxembourg,LUX,2023,6140.286
Luxembourg,LUX,2024,6472.876
Malta,MLT,2016,3732.361
Malta,MLT,2017,3950.491
Malta,MLT,2018,4015.391
Malta,MLT,2019,4421.963
Malta,MLT,2020,4652.635
Malta,MLT,2021,5121.328
Malta,MLT,2022,4969.775
Mexico,MEX,1999,793.818
Mexico,MEX,2000,844.683
Mexico,MEX,2001,915.925
Mexico,MEX,2002,958.966
Mexico,MEX,2003,1085.062
Mexico,MEX,2004,1137.256
Mexico,MEX,2005,1106.137
Mexico,MEX,2006,1133.293
Mexico,MEX,2007,1150.493
Mexico,MEX,2008,1114.819
Mexico,MEX,2009,1113.22
Mexico,MEX,2010,1054.883
Mexico,MEX,2011,1057.781
Mexico,MEX,2012,1099.619
Mexico,MEX,2013,1116.091
Mexico,MEX,2014,1078.084
Mexico,MEX,2015,1151.554
Mexico,MEX,2016,1138.12
Mexico,MEX,2017,1143.4
Mexico,MEX,2018,1146.928
Mexico,MEX,2019,1162.739
Mexico,MEX,2020,1203.081
Mexico,MEX,2021,1220.524
Mexico,MEX,2022,1196.827
Mexico,MEX,2023,1244.1
Mexico,MEX,2024,1289.4
Netherlands,NLD,1972,1812.837
Netherlands,NLD,1973,1903.845
Netherlands,NLD,1974,2016.028
Netherlands,NLD,1975,2113.159
Netherlands,NLD,1976,2175.757
Netherlands,NLD,1977,2247.651
Netherlands,NLD,1978,2350.092
Netherlands,NLD,1979,2405.032
Netherlands,NLD,1980,2418.607
Netherlands,NLD,1981,2389.099
Netherlands,NLD,1982,2422.829
Netherlands,NLD,1983,2434.478
Netherlands,NLD,1984,2430.575
Netherlands,NLD,1985,2437.192
Netherlands,NLD,1986,2525.311
Netherlands,NLD,1987,2568.116
Netherlands,NLD,1988,2607.904
Netherlands,NLD,1989,2765.49
Netherlands,NLD,1990,2919.193
Netherlands,NLD,1991,3025.493
Netherlands,NLD,1992,3115.329
Netherlands,NLD,1993,3156.718
Netherlands,NLD,1994,3167.872
Netherlands,NLD,1995,3209.687
Netherlands,NLD,1996,3271.057
Netherlands,NLD,1997,3315.189
Netherlands,NLD,1998,3833.278
Netherlands,NLD,1999,3983.496
Netherlands,NLD,2000,4069.826
Netherlands,NLD,2001,4339.306
Netherlands,NLD,2002,4623.161
Netherlands,NLD,2003,4799.943
Netherlands,NLD,2004,4895.442
Netherlands,NLD,2005,4984.825
Netherlands,NLD,2006,5129.798
Netherlands,NLD,2007,5275.058
Netherlands,NLD,2008,5500.148
Netherlands,NLD,2009,5698.142
Netherlands,NLD,2010,5790.66
Netherlands,NLD,2011,5802.801
Netherlands,NLD,2012,5897.963
Netherlands,NLD,2013,5873.499
Netherlands,NLD,2014,5893.053
Netherlands,NLD,2015,5882.051
Netherlands,NLD,2016,5951.334
Netherlands,NLD,2017,5940.743
Netherlands,NLD,2018,6002.318
Netherlands,NLD,2019,6176.613
Netherlands,NLD,2020,6515.942
Netherlands,NLD,2021,6906.76
Netherlands,NLD,2022,6420.019
Netherlands,NLD,2023,6273.081
Netherlands,NLD,2024,6534.882
New Zealand,NZL,1970,1197.914
New Zealand,NZL,1971,1208.717
New Zealand,NZL,1972,1295.13
New Zealand,NZL,1973,1444.303
New Zealand,NZL,1974,1574.005
New Zealand,NZL,1975,1649.807
New Zealand,NZL,1976,1568.467
New Zealand,NZL,1977,1582.917
New Zealand,NZL,1978,1709.399
New Zealand,NZL,1979,1583.508
New Zealand,NZL,1980,1408.624
New Zealand,NZL,1981,1454.58
New Zealand,NZL,1982,1456.315
New Zealand,NZL,1983,1487.329
New Zealand,NZL,1984,1453.617
New Zealand,NZL,1985,1320.125
New Zealand,NZL,1986,1420.021
New Zealand,NZL,1987,1584.351
New Zealand,NZL,1988,1759.427
New Zealand,NZL,1989,1812.575
New Zealand,NZL,1990,1867.313
New Zealand,NZL,1991,1887.577
New Zealand,NZL,1992,1928.236
New Zealand,NZL,1993,1962.33
New Zealand,NZL,1994,2045.804
New Zealand,NZL,1995,2100.464
New Zealand,NZL,1996,2111.449
New Zealand,NZL,1997,2195.196
New Zealand,NZL,1998,2296.826
New Zealand,NZL,1999,2360.48
New Zealand,NZL,2000,2444.214
New Zealand,NZL,2001,2595.809
New Zealand,NZL,2002,2739.934
New Zealand,NZL,2003,2781.849
New Zealand,NZL,2004,2936.016
New Zealand,NZL,2005,3128.728
New Zealand,NZL,2006,3303.579
New Zealand,NZL,2007,3349.241
New Zealand,NZL,2008,3543.022
New Zealand,NZL,2009,3713.016
New Zealand,NZL,2010,3758.762
New Zealand,NZL,2011,3788.094
New Zealand,NZL,2012,3868.788
New Zealand,NZL,2013,3945.462
New Zealand,NZL,2014,4025.298
New Zealand,NZL,2015,4058.602
New Zealand,NZL,2016,4147.9
New Zealand,NZL,2017,4161.869
New Zealand,NZL,2018,4255.847
New Zealand,NZL,2019,4345.783
New Zealand,NZL,2020,4571.091
New Zealand,NZL,2021,5005.204
New Zealand,NZL,2022,5573.376
New Zealand,NZL,2023,5319.152
New Zealand,NZL,2024,5291.6
Norway,NOR,1970,898.709
Norway,NOR,1971,999.977
Norway,NOR,1972,1118.178
Norway,NOR,1973,1209.472
Norway,NOR,1974,1263.824
Norway,NOR,1975,1398.906
Norway,NOR,1976,1492.586
Norway,NOR,1977,1602.461
Norway,NOR,1978,1787.945
Norway,NOR,1979,1714.732
Norway,NOR,1980,1792.698
Norway,NOR,1981,1831.96
Norway,NOR,1982,1885.91
Norway,NOR,1983,1992.519
Norway,NOR,1984,1983.358
Norway,NOR,1985,2072.398
Norway,NOR,1986,2155.392
Norway,NOR,1987,2242.216
Norway,NOR,1988,2253.23
Norway,NOR,1989,2221.58
Norway,NOR,1990,2596.438
Norway,NOR,1991,2732.24
Norway,NOR,1992,2793.99
Norway,NOR,1993,2810.851
Norway,NOR,1994,2863.954
Norway,NOR,1995,2971.706
Norway,NOR,1996,3148.15
Norway,NOR,1997,3557.371
Norway,NOR,1998,3801.1
Norway,NOR,1999,4019.409
Norway,NOR,2000,4209.81
Norway,NOR,2001,4383.34
Norway,NOR,2002,4784.288
Norway,NOR,2003,4891.884
Norway,NOR,2004,5044.295
Norway,NOR,2005,5207.994
Norway,NOR,2006,5332.529
Norway,NOR,2007,5586.53
Norway,NOR,2008,5799.574
Norway,NOR,2009,5905.47
Norway,NOR,2010,5963.235
Norway,NOR,2011,6132.961
Norway,NOR,2012,6310.432
Norway,NOR,2013,6396.242
Norway,NOR,2014,6589.718
Norway,NOR,2015,6821.897
Norway,NOR,2016,6848.34
Norway,NOR,2017,6883.182
Norway,NOR,2018,6964.168
Norway,NOR,2019,7093.146
Norway,NOR,2020,7220.869
Norway,NOR,2021,7477.058
Norway,NOR,2022,7515.855
Norway,NOR,2023,7424.3
Norway,NOR,2024,7487.7
Peru,PER,2007,411.795
Peru,PER,2008,446.375
Peru,PER,2009,492.71
Peru,PER,2010,528.283
Peru,PER,2011,545.524
Peru,PER,2012,597.73
Peru,PER,2013,617.79
Peru,PER,2014,648.09
Peru,PER,2015,651.595
Peru,PER,2016,669.629
Peru,PER,2017,677.856
Peru,PER,2018,729.062
Peru,PER,2019,735.181
Peru,PER,2020,817.119
Peru,PER,2021,978.124
Peru,PER,2022,874.434
Poland,POL,1990,643.997
Poland,POL,1991,622.145
Poland,POL,1992,650.378
Poland,POL,1993,682.482
Poland,POL,1994,708.276
Poland,POL,1995,744.96
Poland,POL,1996,833.608
Poland,POL,1997,857.803
Poland,POL,1998,886.921
Poland,POL,1999,1003.813
Poland,POL,2000,1001.109
Poland,POL,2001,1080.38
Poland,POL,2002,1169.97
Poland,POL,2003,1188.796
Poland,POL,2004,1236.763
Poland,POL,2005,1270.774
Poland,POL,2006,1347.596
Poland,POL,2007,1474.249
Poland,POL,2008,1658.258
Poland,POL,2009,1774.053
Poland,POL,2010,1779.268
Poland,POL,2011,1791.015
Poland,POL,2012,1796.318
Poland,POL,2013,1872.492
Poland,POL,2014,1910.81
Poland,POL,2015,2051.793
Poland,POL,2016,2182.693
Poland,POL,2017,2294.366
Poland,POL,2018,2319.602
Poland,POL,2019,2497.099
Poland,POL,2020,2510.275
Poland,POL,2021,2690.546
Poland,POL,2022,2745.926
Poland,POL,2024,3621.832
Portugal,PRT,1970,289.974
Portugal,PRT,1971,337.871
Portugal,PRT,1972,463.722
Portugal,PRT,1973,553.811
Portugal,PRT,1974,575.283
Portugal,PRT,1975,712.557
Portugal,PRT,1976,715.641
Portugal,PRT,1977,669.682
Portugal,PRT,1978,713.033
Portugal,PRT,1979,696
Portugal,PRT,1980,840.404
Portugal,PRT,1981,872.488
Portugal,PRT,1982,901.233
Portugal,PRT,1983,847.019
Portugal,PRT,1984,828.44
Portugal,PRT,1985,945.902
Portugal,PRT,1986,1153.8
Portugal,PRT,1987,1193.41
Portugal,PRT,1988,1336.359
Portugal,PRT,1989,1285.977
Portugal,PRT,1990,1341.792
Portugal,PRT,1991,1510.686
Portugal,PRT,1992,1583.528
Portugal,PRT,1993,1609.611
Portugal,PRT,1994,1650.528
Portugal,PRT,1995,1891.746
Portugal,PRT,1996,2003.313
Portugal,PRT,1997,2077.624
Portugal,PRT,1998,2180.763
Portugal,PRT,1999,2337.307
Portugal,PRT,2000,2699.584
Portugal,PRT,2001,2729.399
Portugal,PRT,2002,2796.026
Portugal,PRT,2003,2864.481
Portugal,PRT,2004,3031.851
Portugal,PRT,2005,3080.373
Portugal,PRT,2006,3027.328
Portugal,PRT,2007,3068.83
Portugal,PRT,2008,3157.574
Portugal,PRT,2009,3310.82
Portugal,PRT,2010,3305.056
Portugal,PRT,2011,3114.437
Portugal,PRT,2012,2949.018
Portugal,PRT,2013,2891.355
Portugal,PRT,2014,2916.172
Portugal,PRT,2015,3013.065
Portugal,PRT,2016,3122.428
Portugal,PRT,2017,3198.237
Portugal,PRT,2018,3331.54
Portugal,PRT,2019,3476.354
Portugal,PRT,2020,3554.732
Portugal,PRT,2021,3993.501
Portugal,PRT,2022,3946.992
Portugal,PRT,2023,3906.387
Portugal,PRT,2024,4095.677
Romania,ROU,2003,737.814
Romania,ROU,2004,850.375
Romania,ROU,2005,938.28
Romania,ROU,2006,978.88
Romania,ROU,2007,1132.134
Romania,ROU,2008,1298.7
Romania,ROU,2009,1300.981
Romania,ROU,2010,1321.43
Romania,ROU,2011,1105.984
Romania,ROU,2012,1137.001
Romania,ROU,2013,1316.667
Romania,ROU,2014,1328.804
Romania,ROU,2015,1378.537
Romania,ROU,2016,1462.633
Romania,ROU,2017,1656.273
Romania,ROU,2018,1901.937
Romania,ROU,2019,2071.542
Romania,ROU,2020,2218.328
Romania,ROU,2021,2472.849
Romania,ROU,2022,2295.981
Romania,ROU,2023,2405.461
Slovakia,SVK,1997,1110.275
Slovakia,SVK,1998,1123.116
Slovakia,SVK,1999,1095.198
Slovakia,SVK,2000,1076.981
Slovakia,SVK,2001,1116.222
Slovakia,SVK,2002,1215.681
Slovakia,SVK,2003,1252.346
Slovakia,SVK,2004,1541.205
Slovakia,SVK,2005,1663.004
Slovakia,SVK,2006,1835.427
Slovakia,SVK,2007,2104.513
Slovakia,SVK,2008,2117.335
Slovakia,SVK,2009,2246.515
Slovakia,SVK,2010,2298.101
Slovakia,SVK,2011,2199.531
Slovakia,SVK,2012,2250.106
Slovakia,SVK,2013,2232.09
Slovakia,SVK,2014,2098.889
Slovakia,SVK,2015,2161.854
Slovakia,SVK,2016,2261.442
Slovakia,SVK,2017,2248.709
Slovakia,SVK,2018,2306.896
Slovakia,SVK,2019,2458.131
Slovakia,SVK,2020,2448.986
Slovakia,SVK,2021,2780.796
Slovakia,SVK,2022,2739.85
Slovakia,SVK,2023,2671.751
Slovakia,SVK,2024,3094.7
Slovenia,SVN,2000,2190.043
Slovenia,SVN,2001,2285.835
Slovenia,SVN,2002,2410.677
Slovenia,SVN,2003,2506.477
Slovenia,SVN,2004,2563.328
Slovenia,SVN,2005,2654.465
Slovenia,SVN,2006,2728.433
Slovenia,SVN,2007,2795.158
Slovenia,SVN,2008,2977.934
Slovenia,SVN,2009,3051.665
Slovenia,SVN,2010,2992.742
Slovenia,SVN,2011,2974.925
Slovenia,SVN,2012,2922.1
Slovenia,SVN,2013,2915.911
Slovenia,SVN,2014,2929.327
Slovenia,SVN,2015,3043.31
Slovenia,SVN,2016,3147.847
Slovenia,SVN,2017,3175.68
Slovenia,SVN,2018,3343.208
Slovenia,SVN,2019,3541.763
Slovenia,SVN,2020,3756.19
Slovenia,SVN,2021,4032.118
Slovenia,SVN,2022,4109.908
Slovenia,SVN,2023,4118.492
Slovenia,SVN,2024,4457.837
South Africa,ZAF,2000,714.354
South Africa,ZAF,2001,714.535
South Africa,ZAF,2002,734.062
South Africa,ZAF,2003,801.706
South Africa,ZAF,2004,808.88
South Africa,ZAF,2005,835.105
South Africa,ZAF,2006,903.852
South Africa,ZAF,2007,955.044
South Africa,ZAF,2008,991.138
South Africa,ZAF,2009,1034.365
South Africa,ZAF,2010,1081.68
South Africa,ZAF,2011,1118.901
South Africa,ZAF,2012,1121.42
South Africa,ZAF,2013,1141.445
South Africa,ZAF,2014,1102.436
South Africa,ZAF,2015,1130.782
South Africa,ZAF,2016,1130.073
South Africa,ZAF,2017,1120.011
South Africa,ZAF,2018,1134.349
South Africa,ZAF,2019,1151.845
South Africa,ZAF,2020,1192.889
South Africa,ZAF,2021,1222.061
South Africa,ZAF,2022,1218.498
South Korea,KOR,1970,100.894
South Korea,KOR,1971,91.945
South Korea,KOR,1972,89.539
South Korea,KOR,1973,87.246
South Korea,KOR,1974,79.212
South Korea,KOR,1975,121.131
South Korea,KOR,1976,137.552
South Korea,KOR,1977,142.159
South Korea,KOR,1978,168.956
South Korea,KOR,1979,233.52
South Korea,KOR,1980,241.222
South Korea,KOR,1981,259.832
South Korea,KOR,1982,275.127
South Korea,KOR,1983,299.998
South Korea,KOR,1984,312.932
South Korea,KOR,1985,336.726
South Korea,KOR,1986,364.809
South Korea,KOR,1987,397.937
South Korea,KOR,1988,463.513
South Korea,KOR,1989,560.227
South Korea,KOR,1990,602.894
South Korea,KOR,1991,618.494
South Korea,KOR,1992,665.778
South Korea,KOR,1993,686.389
South Korea,KOR,1994,693.419
South Korea,KOR,1995,755.206
South Korea,KOR,1996,838.271
South Korea,KOR,1997,847.935
South Korea,KOR,1998,824.37
South Korea,KOR,1999,924.387
South Korea,KOR,2000,971.327
South Korea,KOR,2001,1114.389
South Korea,KOR,2002,1115.33
South Korea,KOR,2003,1304.625
South Korea,KOR,2004,1351.043
South Korea,KOR,2005,1456.282
South Korea,KOR,2006,1597.519
South Korea,KOR,2007,1692.438
South Korea,KOR,2008,1798.315
South Korea,KOR,2009,1972.492
South Korea,KOR,2010,2152.556
South Korea,KOR,2011,2203.788
South Korea,KOR,2012,2250.775
South Korea,KOR,2013,2354.91
South Korea,KOR,2014,2479.069
South Korea,KOR,2015,2683.729
South Korea,KOR,2016,2850.466
South Korea,KOR,2017,3008.663
South Korea,KOR,2018,3214.47
South Korea,KOR,2019,3478.146
South Korea,KOR,2020,3618.078
South Korea,KOR,2021,3957.977
South Korea,KOR,2022,4220.068
South Korea,KOR,2023,4055.438
South Korea,KOR,2024,4080.05
Spain,ESP,1970,535.189
Spain,ESP,1971,630.108
Spain,ESP,1972,715.204
Spain,ESP,1973,748.284
Spain,ESP,1974,839.343
Spain,ESP,1975,877.017
Spain,ESP,1976,995.047
Spain,ESP,1977,1063.201
Spain,ESP,1978,1089.086
Spain,ESP,1979,1072.346
Spain,ESP,1980,1077.984
Spain,ESP,1981,1080.155
Spain,ESP,1982,1102.672
Spain,ESP,1983,1143.551
Spain,ESP,1984,1123.089
Spain,ESP,1985,1123.58
Spain,ESP,1986,1165.601
Spain,ESP,1987,1248.654
Spain,ESP,1988,1469.213
Spain,ESP,1989,1573.656
Spain,ESP,1990,1735.483
Spain,ESP,1991,1835.053
Spain,ESP,1992,1948.122
Spain,ESP,1993,1994.588
Spain,ESP,1994,1998.978
Spain,ESP,1995,2094.472
Spain,ESP,1996,2156.961
Spain,ESP,1997,2186.449
Spain,ESP,1998,2275.511
Spain,ESP,1999,2378.967
Spain,ESP,2000,2435.093
Spain,ESP,2001,2515.454
Spain,ESP,2002,2591.128
Spain,ESP,2003,2946.589
Spain,ESP,2004,3035.074
Spain,ESP,2005,3152.315
Spain,ESP,2006,3278.309
Spain,ESP,2007,3374.257
Spain,ESP,2008,3498.843
Spain,ESP,2009,3649.727
Spain,ESP,2010,3598.611
Spain,ESP,2011,3516.177
Spain,ESP,2012,3364.255
Spain,ESP,2013,3281.297
Spain,ESP,2014,3333.149
Spain,ESP,2015,3494.067
Spain,ESP,2016,3535.115
Spain,ESP,2017,3626.325
Spain,ESP,2018,3708.217
Spain,ESP,2019,3818.956
Spain,ESP,2020,3996.229
Spain,ESP,2021,4094.163
Spain,ESP,2022,3976.103
Spain,ESP,2023,3901.044
Spain,ESP,2024,3962.8
Sweden,SWE,1970,1607.945
Sweden,SWE,1971,1731.882
Sweden,SWE,1972,1806.112
Sweden,SWE,1973,1857.398
Sweden,SWE,1974,1971.684
Sweden,SWE,1975,2173.383
Sweden,SWE,1976,2299.803
Sweden,SWE,1977,2499.088
Sweden,SWE,1978,2503.469
Sweden,SWE,1979,2557.079
Sweden,SWE,1980,2685.754
Sweden,SWE,1981,2649.438
Sweden,SWE,1982,2658.196
Sweden,SWE,1983,2646.624
Sweden,SWE,1984,2690.359
Sweden,SWE,1985,2593.178
Sweden,SWE,1986,2614.243
Sweden,SWE,1987,2709.088
Sweden,SWE,1988,2750.523
Sweden,SWE,1989,2856.637
Sweden,SWE,1990,2882.563
Sweden,SWE,1991,2769.568
Sweden,SWE,1992,2798.552
Sweden,SWE,1993,2703.854
Sweden,SWE,1994,2643.667
Sweden,SWE,1995,2721.716
Sweden,SWE,1996,2812.598
Sweden,SWE,1997,2813.484
Sweden,SWE,1998,2962.553
Sweden,SWE,1999,3070.35
Sweden,SWE,2000,3207.195
Sweden,SWE,2001,3484.029
Sweden,SWE,2002,3649.532
Sweden,SWE,2003,3723.876
Sweden,SWE,2004,3759.193
Sweden,SWE,2005,3835.367
Sweden,SWE,2006,3941.751
Sweden,SWE,2007,4043.332
Sweden,SWE,2008,4106.599
Sweden,SWE,2009,4190.808
Sweden,SWE,2010,4153.327
Sweden,SWE,2011,5324.135
Sweden,SWE,2012,5416.972
Sweden,SWE,2013,5502.165
Sweden,SWE,2014,5631.31
Sweden,SWE,2015,5782.029
Sweden,SWE,2016,5867.264
Sweden,SWE,2017,5886.066
Sweden,SWE,2018,5983.495
Sweden,SWE,2019,5992.715
Sweden,SWE,2020,6068.716
Sweden,SWE,2021,6317.743
Sweden,SWE,2022,6137.3
Sweden,SWE,2023,6203.87
Sweden,SWE,2024,6283.734
Switzerland,CHE,1970,1915.113
Switzerland,CHE,1971,2113.972
Switzerland,CHE,1972,2194.446
Switzerland,CHE,1973,2259.041
Switzerland,CHE,1974,2366.993
Switzerland,CHE,1975,2513.9
Switzerland,CHE,1976,2592.658
Switzerland,CHE,1977,2639.151
Switzerland,CHE,1978,2733.109
Switzerland,CHE,1979,2769.737
Switzerland,CHE,1980,2850.013
Switzerland,CHE,1981,2907.976
Switzerland,CHE,1982,2954.757
Switzerland,CHE,1983,3094.68
Switzerland,CHE,1984,3093.417
Switzerland,CHE,1985,3414.477
Switzerland,CHE,1986,3595.712
Switzerland,CHE,1987,3742.147
Switzerland,CHE,1988,3889.662
Switzerland,CHE,1989,4048.522
Switzerland,CHE,1990,4101.314
Switzerland,CHE,1991,4333.664
Switzerland,CHE,1992,4397.225
Switzerland,CHE,1993,4392.072
Switzerland,CHE,1994,4533.353
Switzerland,CHE,1995,4413.264
Switzerland,CHE,1996,4565.971
Switzerland,CHE,1997,4621.147
Switzerland,CHE,1998,4794.181
Switzerland,CHE,1999,4914.222
Switzerland,CHE,2000,5038.273
Switzerland,CHE,2001,5289.729
Switzerland,CHE,2002,5483.257
Switzerland,CHE,2003,5584.412
Switzerland,CHE,2004,5736.163
Switzerland,CHE,2005,5757.593
Switzerland,CHE,2006,5712.581
Switzerland,CHE,2007,5829.825
Switzerland,CHE,2008,5961.096
Switzerland,CHE,2009,6167.952
Switzerland,CHE,2010,6205.299
Switzerland,CHE,2011,6333.592
Switzerland,CHE,2012,6529.191
Switzerland,CHE,2013,6749.37
Switzerland,CHE,2014,6844.79
Switzerland,CHE,2015,7070.32
Switzerland,CHE,2016,7244.331
Switzerland,CHE,2017,7305.39
Switzerland,CHE,2018,7288.907
Switzerland,CHE,2019,7479.161
Switzerland,CHE,2020,7621.094
Switzerland,CHE,2021,8033.622
Switzerland,CHE,2022,8003.194
Switzerland,CHE,2023,7929.877
Switzerland,CHE,2024,8045.522
Turkey,TUR,1975,192.156
Turkey,TUR,1976,169.993
Turkey,TUR,1977,226.019
Turkey,TUR,1978,241.544
Turkey,TUR,1979,237.453
Turkey,TUR,1980,230.586
Turkey,TUR,1981,263.43
Turkey,TUR,1982,221.036
Turkey,TUR,1983,233.488
Turkey,TUR,1984,232.052
Turkey,TUR,1985,170.469
Turkey,TUR,1986,229.889
Turkey,TUR,1987,229.932
Turkey,TUR,1988,267.285
Turkey,TUR,1989,274.649
Turkey,TUR,1990,311.891
Turkey,TUR,1991,346.776
Turkey,TUR,1992,351.562
Turkey,TUR,1993,369.788
Turkey,TUR,1994,330.137
Turkey,TUR,1995,315.859
Turkey,TUR,1996,407.129
Turkey,TUR,1997,461.356
Turkey,TUR,1998,516.919
Turkey,TUR,1999,625.827
Turkey,TUR,2000,674.363
Turkey,TUR,2001,697.194
Turkey,TUR,2002,751.92
Turkey,TUR,2003,774.947
Turkey,TUR,2004,833.976
Turkey,TUR,2005,883.564
Turkey,TUR,2006,975.85
Turkey,TUR,2007,1025.771
Turkey,TUR,2008,1028.593
Turkey,TUR,2009,1019.987
Turkey,TUR,2010,998.777
Turkey,TUR,2011,1021.312
Turkey,TUR,2012,1005.454
Turkey,TUR,2013,1061.011
Turkey,TUR,2014,1082.883
Turkey,TUR,2015,1076.167
Turkey,TUR,2016,1156.316
Turkey,TUR,2017,1195.684
Turkey,TUR,2018,1220.356
Turkey,TUR,2019,1274.063
Turkey,TUR,2020,1382.389
Turkey,TUR,2021,1605.71
Turkey,TUR,2022,1482.645
Turkey,TUR,2023,1846.418
Turkey,TUR,2024,2072.1
Ukraine,UKR,2010,816.694
Ukraine,UKR,2011,902.234
Ukraine,UKR,2012,985.968
Ukraine,UKR,2013,974.73
Ukraine,UKR,2014,952.287
Ukraine,UKR,2015,949.278
Ukraine,UKR,2016,964.97
Ukraine,UKR,2017,1015.272
Ukraine,UKR,2018,1086.889
Ukraine,UKR,2019,1056.306
Ukraine,UKR,2020,1161.109
Ukraine,UKR,2021,1429.186
United Kingdom,GBR,1970,728.428
United Kingdom,GBR,1971,753.588
United Kingdom,GBR,1972,800.258
United Kingdom,GBR,1973,833.654
United Kingdom,GBR,1974,917.653
United Kingdom,GBR,1975,970.169
United Kingdom,GBR,1976,997.355
United Kingdom,GBR,1977,998.561
United Kingdom,GBR,1978,1045.955
United Kingdom,GBR,1979,1073.465
United Kingdom,GBR,1980,1144.467
United Kingdom,GBR,1981,1183.153
United Kingdom,GBR,1982,1157.464
United Kingdom,GBR,1983,1242.621
United Kingdom,GBR,1984,1242.163
United Kingdom,GBR,1985,1263.984
United Kingdom,GBR,1986,1301.502
United Kingdom,GBR,1987,1383.311
United Kingdom,GBR,1988,1443.693
United Kingdom,GBR,1989,1486.226
United Kingdom,GBR,1990,1505.134
United Kingdom,GBR,1991,1567.102
United Kingdom,GBR,1992,1684.079
United Kingdom,GBR,1993,1757.649
United Kingdom,GBR,1994,1830.333
United Kingdom,GBR,1995,1852.166
United Kingdom,GBR,1996,1899.608
United Kingdom,GBR,1997,2431.603
United Kingdom,GBR,1998,2545.464
United Kingdom,GBR,1999,2669.047
United Kingdom,GBR,2000,2809.339
United Kingdom,GBR,2001,2994.925
United Kingdom,GBR,2002,3225.289
United Kingdom,GBR,2003,3404.939
United Kingdom,GBR,2004,3594.583
United Kingdom,GBR,2005,3711.311
United Kingdom,GBR,2006,3820.299
United Kingdom,GBR,2007,4006.698
United Kingdom,GBR,2008,4058.534
United Kingdom,GBR,2009,4204.72
United Kingdom,GBR,2010,4267.474
United Kingdom,GBR,2011,4243.883
United Kingdom,GBR,2012,4325.108
United Kingdom,GBR,2013,4427.801
United Kingdom,GBR,2014,4537.187
United Kingdom,GBR,2015,4636.837
United Kingdom,GBR,2016,4689.037
United Kingdom,GBR,2017,4720.986
United Kingdom,GBR,2018,4801.002
United Kingdom,GBR,2019,4959.745
United Kingdom,GBR,2020,5380.946
United Kingdom,GBR,2021,5830.953
United Kingdom,GBR,2022,5479.055
United Kingdom,GBR,2023,5412.625
United Kingdom,GBR,2024,5493.021
United States,USA,1970,1793.813
United States,USA,1971,1877.729
United States,USA,1972,2008.452
United States,USA,1973,2106.882
United States,USA,1974,2156.743
United States,USA,1975,2253.792
United States,USA,1976,2433.021
United States,USA,1977,2596.689
United States,USA,1978,2705.892
United States,USA,1979,2792.461
United States,USA,1980,2876.108
United States,USA,1981,3033.824
United States,USA,1982,3204.802
United States,USA,1983,3356.845
United States,USA,1984,3538.062
United States,USA,1985,3726.549
United States,USA,1986,3881.39
United States,USA,1987,4020.233
United States,USA,1988,4301.483
United States,USA,1989,4549.058
United States,USA,1990,4821.505
United States,USA,1991,5037.142
United States,USA,1992,5237.342
United States,USA,1993,5415.718
United States,USA,1994,5538.935
United States,USA,1995,5668.101
United States,USA,1996,5781.606
United States,USA,1997,5918.415
United States,USA,1998,6116.107
United States,USA,1999,6311.61
United States,USA,2000,6545.053
United States,USA,2001,6903.709
United States,USA,2002,7404.382
United States,USA,2003,7801.478
United States,USA,2004,8057.169
United States,USA,2005,8285.935
United States,USA,2006,8520.734
United States,USA,2007,8730.296
United States,USA,2008,8725.056
United States,USA,2009,9058.826
United States,USA,2010,9156.877
United States,USA,2011,9155.475
United States,USA,2012,9288.591
United States,USA,2013,9339.713
United States,USA,2014,9643.881
United States,USA,2015,10091.061
United States,USA,2016,10384.558
United States,USA,2017,10537.306
United States,USA,2018,10720.674
United States,USA,2019,10995.237
United States,USA,2020,11926.393
United States,USA,2021,11863.062
United States,USA,2022,11606.233
United States,USA,2023,12023.46
United States,USA,2024,12648.7